ID,LABEL,has_obo_namespace,SubClass Of,definition,hasDbXref,comment,hasExactSynonym,has_narrow_synonym,hasRelatedSynonym,created_by,creation_date,in_subset,has_alternative_id
PATO:0000008,,,,,,,,,,,,,
PATO:0000033,,,,,,,,,,,,,
PATO:0000044,,,,,,,,,,,,,
PATO:0000125,,,,,,,,,,,,,
PATO:0000128,,,,,,,,,,,,,
PATO:0000133,,,,,,,,,,,,,
PATO:0000146,,,,,,,,,,,,,
PATO:0000165,,,,,,,,,,,,,
PATO:0000992,,,,,,,,,,,,,
PATO:0001019,,,,,,,,,,,,,
PATO:0001021,,,,,,,,,,,,,
PATO:0001022,,,,,,,,,,,,,
PATO:0001023,,,,,,,,,,,,,
PATO:0001024,,,,,,,,,,,,,
PATO:0001025,,,,,,,,,,,,,
PATO:0001026,,,,,,,,,,,,,
PATO:0001028,,,,,,,,,,,,,
PATO:0001035,,,,,,,,,,,,,
PATO:0001296,,,,,,,,,,,,,
PATO:0001299,,,,,,,,,,,,,
PATO:0001309,,,,,,,,,,,,,
PATO:0001350,,,,,,,,,,,,,
PATO:0001351,,,,,,,,,,,,,
PATO:0001352,,,,,,,,,,,,,
PATO:0001353,,,,,,,,,,,,,
PATO:0001413,,,,,,,,,,,,,
PATO:0001414,,,,,,,,,,,,,
PATO:0001428,,,,,,,,,,,,,
PATO:0001461,,,,,,,,,,,,,
PATO:0001464,,,,,,,,,,,,,
PATO:0001521,,,,,,,,,,,,,
PATO:0001574,,,,,,,,,,,,,
PATO:0001674,,,,,,,,,,,,,
PATO:0001680,,,,,,,,,,,,,
PATO:0001681,,,,,,,,,,,,,
PATO:0001682,,,,,,,,,,,,,
PATO:0001708,,,,,,,,,,,,,
PATO:0001709,,,,,,,,,,,,,
PATO:0001710,,,,,,,,,,,,,
PATO:0001717,,,,,,,,,,,,,
PATO:0001718,,,,,,,,,,,,,
PATO:0001740,,,,,,,,,,,,,
PATO:0001744,,,,,,,,,,,,,
PATO:0001745,,,,,,,,,,,,,
PATO:0001746,,,,,,,,,,,,,
PATO:0001747,,,,,,,,,,,,,
PATO:0001756,,,,,,,,,,,,,
PATO:0001757,,,,,,,,,,,,,
UO:0000000,unit,unit.ontology,,A unit of measurement is a standardized quantity of a physical quality.,,,,,,george gkoutos,,,
UO:0000001,length unit,unit.ontology,obo:uo#is_unit_of some PATO:0001708|unit,A unit which is a standard measure of the distance between two points.,,,,,,george gkoutos,,obo:uo#unit_group_slim,
UO:0000002,mass unit,unit.ontology,obo:uo#is_unit_of some PATO:0000125|obo:uo#is_unit_of some PATO:0000128|unit,A unit which is a standard measure of the amount of matter/energy of a physical object.,,,,,,george gkoutos,,obo:uo#unit_group_slim,
UO:0000003,time unit,unit.ontology,obo:uo#is_unit_of some PATO:0000165|obo:uo#is_unit_of some PATO:0001309|unit,A unit which is a standard measure of the dimension in which events occur in sequence.,,,time derived unit,,,george gkoutos,,obo:uo#unit_group_slim,UO:0000149
UO:0000004,electric current unit,unit.ontology,unit,A unit which is a standard measure of the flow of electric charge.,,,,,,george gkoutos,,obo:uo#unit_group_slim,
UO:0000005,temperature unit,unit.ontology,obo:uo#is_unit_of some PATO:0000146|unit,A unit which is a standard measure of the average kinetic energy of the particles in a sample of matter.,,,temperature derived unit,,,george gkoutos,,obo:uo#unit_group_slim,UO:0000126
UO:0000006,substance unit,unit.ontology,unit,A unit which is a standardised quantity of an element or compound with uniform composition.,,,,,,george gkoutos,,obo:uo#unit_group_slim,
UO:0000007,luminous intensity unit,unit.ontology,light unit,A unit which is a standard measure of the wavelength-weighted power emitted by a light source in a particular direction.,,,,,,george gkoutos,,obo:uo#unit_group_slim,
UO:0000008,meter,unit.ontology,base unit|length unit,A length unit which is equal to the length of the path traveled by light in vacuum during a time interval of 1/299 792 458 of a second.,,,m|metre,,,george gkoutos,,obo:uo#unit_slim,
UO:0000009,kilogram,unit.ontology,base unit|mass unit,"A mass unit which is equal to the mass of the International Prototype Kilogram kept by the BIPM at Svres, France.",,,kg,,,george gkoutos,,obo:uo#unit_slim,
UO:0000010,second,unit.ontology,base unit|time unit,A time unit which is equal to the duration of 9 192 631 770 periods of the radiation corresponding to the transition between the two hyperfine levels of the ground state of the caesium 133 atom.,,,s,,,george gkoutos,,obo:uo#unit_slim,
UO:0000011,ampere,unit.ontology,base unit|electric current unit,"An electric current unit which is equal to the constant current which, if maintained in two straight parallel conductors of infinite length, of negligible circular cross-section, and placed 1 m apart in vacuum, would produce between these conductors a force equal to 2 x 10^[-7] newton per meter of length.",,,A,,,george gkoutos,,obo:uo#unit_slim,
UO:0000012,kelvin,unit.ontology,base unit|temperature unit,A thermodynamic temperature unit which is equal to the fraction 1/273.16 of the thermodynamic temperature of the triple point of water.,,,K,,,george gkoutos,,obo:uo#unit_slim,
UO:0000013,mole,unit.ontology,base unit|substance unit,A substance unit which is equal to the amount of substance of a molecular system which contains as many elementary entities as there are atoms in 0.012 kilogram of carbon 12.,,,mol,,,george gkoutos,,obo:uo#unit_slim,
UO:0000014,candela,unit.ontology,base unit|luminous intensity unit,"A luminous intensity unit which equal to the luminous intensity, in a given direction, of a source that emits monochromatic radiation of frequency 540 x 1012 hertz and that has a radiant intensity in that direction of 1/683 watt per steradian.",,,cd,,,george gkoutos,,obo:uo#unit_slim,
UO:0000015,centimeter,unit.ontology,length unit,A length unit which is equal to one hundredth of a meter or 10^[-2] m.,,,centimetre|cm,,,george gkoutos,,obo:uo#unit_slim,
UO:0000016,millimeter,unit.ontology,length unit,A length unit which is equal to one thousandth of a meter or 10^[-3] m.,,,micrometre|mm,,,george gkoutos,,obo:uo#unit_slim,
UO:0000017,micrometer,unit.ontology,length unit,A length unit which is equal to one millionth of a meter or 10^[-6] m.,,,micrometre|micron|um,,,george gkoutos,,obo:uo#unit_slim,
UO:0000018,nanometer,unit.ontology,length unit,A length unit which is equal to one thousandth of one millionth of a meter or 10^[-9] m.,,,nanometre|nm,,,george gkoutos,,obo:uo#unit_slim,
UO:0000019,angstrom,unit.ontology,length unit,A length unit which is equal to 10 [-10] m.,,,Ã…,,,george gkoutos,,obo:uo#unit_slim,
UO:0000020,picometer,unit.ontology,length unit,A length unit which is equal to 10^[-12] m.,,,picometre|pm,,,george gkoutos,,obo:uo#unit_slim,
UO:0000021,gram,unit.ontology,mass unit,A mass unit which is equal to one thousandth of a kilogram or 10^[-3] kg.,,,g,,,george gkoutos,,obo:uo#unit_slim,
UO:0000022,milligram,unit.ontology,mass unit,A mass unit which is equal to one thousandth of a gram or 10^[-3] g.,,,mg,,,george gkoutos,,obo:uo#unit_slim,
UO:0000023,microgram,unit.ontology,mass unit,A mass unit which is equal to one millionth of a gram or 10^[-6] g.,,,ug,,,george gkoutos,,obo:uo#unit_slim,
UO:0000024,nanogram,unit.ontology,mass unit,A mass unit which is equal to one thousandth of one millionth of a gram or 10^[-9] g.,,,ng,,,george gkoutos,,obo:uo#unit_slim,
UO:0000025,picogram,unit.ontology,mass unit,A mass unit which is equal to 10^[-12] g.,,,pg,,,george gkoutos,,obo:uo#unit_slim,
UO:0000026,femtogram,unit.ontology,mass unit,A mass unit which is equal to 10^[-15] g.,,,fg,,,george gkoutos,,obo:uo#unit_slim,
UO:0000027,degree Celsius,unit.ontology,temperature unit,"A temperature unit which is equal to one kelvin degree. However, they have their zeros at different points. The centigrade scale has its zero at 273.15 K.",,,C,,,george gkoutos,,obo:uo#unit_slim,
UO:0000028,millisecond,unit.ontology,time unit,A time unit which is equal to one thousandth of a second or 10^[-3] s.,,,ms,,,george gkoutos,,obo:uo#unit_slim,
UO:0000029,microsecond,unit.ontology,time unit,A time unit which is equal to one millionth of a second or 10^[-6] s.,,,us,,,george gkoutos,,obo:uo#unit_slim,
UO:0000030,picosecond,unit.ontology,time unit,A time unit which is equal to 10^[-12] s.,,,ps,,,george gkoutos,,obo:uo#unit_slim,
UO:0000031,minute,unit.ontology,time unit,A time unit which is equal to 60 seconds.,,,min,,,george gkoutos,,obo:uo#unit_slim,
UO:0000032,hour,unit.ontology,time unit,A time unit which is equal to 3600 seconds or 60 minutes.,,,h,,,george gkoutos,,obo:uo#unit_slim,
UO:0000033,day,unit.ontology,time unit,A time unit which is equal to 24 hours.,,,,,,george gkoutos,,obo:uo#unit_slim,
UO:0000034,week,unit.ontology,time unit,A time unit which is equal to 7 days.,,,,,,george gkoutos,,obo:uo#unit_slim,
UO:0000035,month,unit.ontology,time unit,A time unit which is approximately equal to the length of time of one of cycle of the moon's phases which in science is taken to be equal to 30 days.,,,,,,george gkoutos,,obo:uo#unit_slim,
UO:0000036,year,unit.ontology,time unit,A time unit which is equal to 12 months which in science is taken to be equal to 365.25 days.,,,,,,george gkoutos,,obo:uo#unit_slim,
UO:0000037,milliampere,unit.ontology,electric current unit,An electric current unit current which is equal to one thousandth of an ampere or 10^[-3] A.,,,mA,,,george gkoutos,,obo:uo#unit_slim,
UO:0000038,microampere,unit.ontology,electric current unit,An electric current unit current which is equal to one millionth of an ampere or 10^[-6] A.,,,uA,,,george gkoutos,,obo:uo#unit_slim,
UO:0000039,micromole,unit.ontology,substance unit,A substance unit equal to a millionth of a mol or 10^[-6] mol.,,,umol,,,george gkoutos,,obo:uo#unit_slim,
UO:0000040,millimole,unit.ontology,substance unit,A substance unit equal to a thousandth of a mol or 10^[-3] mol.,,,mmol,,,george gkoutos,,obo:uo#unit_slim,
UO:0000041,nanomole,unit.ontology,substance unit,A substance unit equal to one thousandth of one millionth of a mole or 10^[-9] mol.,,,nmol,,,george gkoutos,,obo:uo#unit_slim,
UO:0000042,picomole,unit.ontology,substance unit,A substance unit equal to 10^[-12] mol.,,,pmol,,,george gkoutos,,obo:uo#unit_slim,
UO:0000043,femtomole,unit.ontology,substance unit,A substance unit equal to 10^[-15] mol.,,,fmol,,,george gkoutos,,obo:uo#unit_slim,
UO:0000044,attomole,unit.ontology,substance unit,A substance unit equal to 10^[-18] mol.,,,amol,,,george gkoutos,,obo:uo#unit_slim,
UO:0000045,base unit,unit.ontology,unit,A unit which is one of a particular measure to which all measures of that type can be related.,,,,,,george gkoutos,,obo:uo#unit_group_slim,
UO:0000046,prefix,unit.ontology,,,,,,,,gkoutos,2012-06-13T01:09:05Z,,
UO:0000047,area unit,unit.ontology,obo:uo#is_unit_of some PATO:0001709|unit,A unit which is a standard measure of the amount of a 2-dimensional flat surface.,,,,,,george gkoutos,,obo:uo#unit_group_slim,
UO:0000048,acceleration unit,unit.ontology,obo:uo#is_unit_of some PATO:0001028|unit,A unit which is a standard measure of the rate of change of velocity in either speed or direction.,,,,,,george gkoutos,,obo:uo#unit_group_slim,
UO:0000049,angular velocity unit,unit.ontology,obo:uo#is_unit_of some PATO:0001413|unit,A unit which is a standard measure of the rate of angular movement about an axis; the angle rotated in a given time.,,,,,,george gkoutos,,obo:uo#unit_group_slim,
UO:0000050,angular acceleration unit,unit.ontology,obo:uo#is_unit_of some PATO:0001350|unit,A unit which is a standard measure of the rate of change of angular velocity.,,,,,,george gkoutos,,obo:uo#unit_group_slim,
UO:0000051,concentration unit,unit.ontology,obo:uo#is_unit_of some PATO:0000033|unit,A unit which represents a standard measurement of how much of a given substance there is mixed with another substance.,,,,,,george gkoutos,,obo:uo#unit_group_slim,
UO:0000052,mass density unit,unit.ontology,density unit|obo:uo#is_unit_of some PATO:0001353,A density unit which is a standard measure of the mass of a substance in a given volume.,,,mass per unit volume,,,george gkoutos,,obo:uo#unit_group_slim,
UO:0000053,luminance unit,unit.ontology,light unit|obo:uo#is_unit_of some PATO:0001718,A unit which is a standard measure of the luminous intensity impinging on a given area.,,,,,,george gkoutos,,obo:uo#unit_group_slim,
UO:0000054,area density unit,unit.ontology,density unit|obo:uo#is_unit_of some PATO:0001351,A density unit which is a standard measure of the mass exerting an influence on a given area.,,,mass per unit area unit,,,george gkoutos,,obo:uo#unit_group_slim,
UO:0000055,molar mass unit,unit.ontology,mass unit|obo:uo#is_unit_of some PATO:0001681,A unit which is a standard measure of the mass of a homogeneous substance containing 6.02 x 1023 atoms or molecules.,,,,,,george gkoutos,,obo:uo#unit_group_slim,
UO:0000056,molar volume unit,unit.ontology,obo:uo#is_unit_of some PATO:0001680|volume unit,A unit which is a standard measure of the volume of a homogeneous substance containing 6.02 x 1023 atoms or molecules.,,,,,,george gkoutos,,obo:uo#unit_group_slim,
UO:0000057,momentum unit,unit.ontology,obo:uo#is_unit_of some PATO:0001022|obo:uo#is_unit_of some PATO:0001023|unit,A unit which is a standard measure of the quantity of motion measured by the product of mass and velocity.,,,,,,george gkoutos,,obo:uo#unit_group_slim,
UO:0000058,rotational frequency unit,unit.ontology,frequency unit,A unit which is a standard measure of the number of rotations in a given time.,,,,,,george gkoutos,,obo:uo#unit_group_slim,
UO:0000059,specific volume unit,unit.ontology,volume unit,A unit which is a standard measure of the volume of a given mass of substance (the reciprocal of density).,,,,,,george gkoutos,,obo:uo#unit_group_slim,
UO:0000060,speed/velocity unit,unit.ontology,obo:uo#is_unit_of some PATO:0000008|unit,"A unit which is a standard measure of the rate of movement. Speed is measured in the same physical units of measurement as velocity, but does not contain the element of direction that velocity has. Speed is thus the magnitude component of velocity.",,,,,,george gkoutos,,obo:uo#unit_group_slim,
UO:0000061,unit of molarity,unit.ontology,concentration unit,A concentration unit which is a standard measure of the number of moles of a given substance per liter of solution.,,,,,,george gkoutos,,obo:uo#unit_group_slim,
UO:0000062,molar,unit.ontology,unit of molarity,A unit of concentration which expresses a concentration of 1 mole of solute per liter of solution (mol/L).,,,M,,,george gkoutos,,obo:uo#unit_slim,
UO:0000063,millimolar,unit.ontology,unit of molarity,A unit of molarity which is equal to one thousandth of a molar or 10^[-3] M.,,,mM,,,george gkoutos,,obo:uo#unit_slim,
UO:0000064,micromolar,unit.ontology,unit of molarity,A unit of molarity which is equal to one millionth of a molar or 10^[-6] M.,,,uM,,,george gkoutos,,obo:uo#unit_slim,
UO:0000065,nanomolar,unit.ontology,unit of molarity,A unit of molarity which is equal to one thousandth of one millionth of a molar or 10^[-9] M.,,,nM,,,george gkoutos,,obo:uo#unit_slim,
UO:0000066,picomolar,unit.ontology,unit of molarity,A unit of molarity which is equal to 10^[-12] M.,,,pM,,,george gkoutos,,obo:uo#unit_slim,
UO:0000067,unit of molality,unit.ontology,concentration unit,A concentration unit which is a standard measure of the number of moles of a given substance per kilogram of solvent.,,,,,,george gkoutos,,obo:uo#unit_group_slim,
UO:0000068,molal,unit.ontology,unit of molality,A unit of concentration which expresses a concentration of a solution of 1 mole per kilogram of solvent (mol/kg).,,,m,,,george gkoutos,,obo:uo#unit_slim,
UO:0000069,millimolal,unit.ontology,unit of molality,A molality unit which is equal to one thousandth of a molal or 10^[-3] m.,,,mm,,,george gkoutos,,obo:uo#unit_slim,
UO:0000070,micromolal,unit.ontology,unit of molality,A molality unit which is equal to one millionth of a molal or 10^[-6] m.,,,um,,,george gkoutos,,obo:uo#unit_slim,
UO:0000071,nanomolal,unit.ontology,unit of molality,A molality unit which is equal to one thousandth of one millionth of a molal or 10^[-9] m.,,,nm,,,george gkoutos,,obo:uo#unit_slim,
UO:0000072,picomolal,unit.ontology,unit of molality,A molality unit which is equal to 10^[-12] m.,,,pm,,,george gkoutos,,obo:uo#unit_slim,
UO:0000073,femtomolar,unit.ontology,unit of molarity,A unit of molarity which is equal to 10^[-15] M.,,,fM,,,george gkoutos,,obo:uo#unit_slim,
UO:0000074,unit of normality,unit.ontology,concentration unit,A unit of concentration which highlights the chemical nature of salts.,,,,,,george gkoutos,,obo:uo#unit_group_slim,
UO:0000075,normal,unit.ontology,unit of normality,A unit of concentration which is one gram equivalent of a solute per liter of solution. A gram equivalent weight or equivalent is a measure of the reactive capacity of a given molecule.,,,N,,,george gkoutos,,obo:uo#unit_slim,
UO:0000076,mole fraction,unit.ontology,concentration unit|fraction,A concentration unit which denotes the number of moles of solute as a proportion of the total number of moles in a solution.,,,(x)|chi,,,george gkoutos,,obo:uo#unit_slim,
UO:0000077,meter per second per second,unit.ontology,acceleration unit,An acceleration unit which is equal to the acceleration an object changing its velocity by 1meter/s over a time period that equals one second.,,,m/s^[2]|metre per second per second,,,george gkoutos,,obo:uo#unit_slim,
UO:0000078,radian per second per second,unit.ontology,angular acceleration unit,An angular unit acceleration which is equal to the angular acceleration of an object changing its angular velocity by 1rad/s over a time period that equals one second.,,,alpha|rad/s^[2],,,george gkoutos,,obo:uo#unit_slim,
UO:0000079,radian per second,unit.ontology,angular velocity unit,An angular unit velocity which is equal to about 9.54930 rpm (revolutions per minute).,,,rad/s,,,george gkoutos,,obo:uo#unit_slim,
UO:0000080,square meter,unit.ontology,area unit,An area unit which is equal to an area enclosed by a square with sides each 1 meter long.,,,m^[2],,square metre,george gkoutos,,obo:uo#unit_slim,
UO:0000081,square centimeter,unit.ontology,area unit,An area unit which is equal to one ten thousandth of a square meter or 10^[-4] m^[2].,,,cm^[2]|square centimetre,,,george gkoutos,,obo:uo#unit_slim,
UO:0000082,square millimeter,unit.ontology,area unit,An area unit which is equal to one millionth of a square meter or 10^[-6] m^[2].,,,mm^[2]|square millimetre,,,george gkoutos,,obo:uo#unit_slim,
UO:0000083,kilogram per cubic meter,unit.ontology,mass density unit,A mass unit density which is equal to mass of an object in kilograms divided by the volume in cubic meters.,,,kg/m^[3]|kilogram per cubic metre,,,george gkoutos,,obo:uo#unit_slim,
UO:0000084,gram per cubic centimeter,unit.ontology,mass density unit,A mass unit density which is equal to mass of an object in grams divided by the volume in cubic centimeters.,,,g/cm^[3]|gram per cubic centimetre,,,george gkoutos,,obo:uo#unit_slim,
UO:0000085,candela per square meter,unit.ontology,luminance unit,A luminance unit which is equal to a luminous intensity of one candela radiating from a surface whose area is one square meter.,,,candela per square metre|cd/m^[2],,,george gkoutos,,obo:uo#unit_slim,
UO:0000086,kilogram per square meter,unit.ontology,area density unit,An area density unit which is equal to the mass of an object in kilograms divided by the surface area in meters squared.,,,Body Mass Index (BMI)|kg/m^[2]|kilogram per square metre,,,george gkoutos,,obo:uo#unit_slim,
UO:0000087,kilogram per mole,unit.ontology,molar mass unit,A molar mass unit which is equal to one kilogram of mass of one mole of chemical element or chemical compound.,,,kg/mol,,,george gkoutos,,obo:uo#unit_slim,
UO:0000088,gram per mole,unit.ontology,molar mass unit,A molar mass unit which is equal to one gram of mass of one mole of chemical element or chemical compound.,,,g/mol,,,george gkoutos,,obo:uo#unit_slim,
UO:0000089,cubic meter per mole,unit.ontology,molar volume unit,"A molar volume unit which is equal to 1 cubic meter occupied by one mole of a substance in the form of a solid, liquid, or gas.",,,cubic metre per mole|m^[3]/mol,,,george gkoutos,,obo:uo#unit_slim,
UO:0000090,cubic centimeter per mole,unit.ontology,molar volume unit,"A molar volume unit which is equal to 1 cubic centimeter occupied by one mole of a substance in the form of a solid, liquid, or gas.",,,cm^[3]/mol|cubic centimetre per mole,,,george gkoutos,,obo:uo#unit_slim,
UO:0000091,kilogram meter per second,unit.ontology,momentum unit,A momentum unit which is equal to the momentum of a one kilogram mass object with a speed of one meter per second.,,,kg.m/s|kilogram metre per second,,,george gkoutos,,obo:uo#unit_slim,
UO:0000092,turns per second,unit.ontology,rotational frequency unit,A rotational frequency unit which is equal to the number complete turn in a period of time that equals to 1 second.,,,1/s,one turn per second,,george gkoutos,,obo:uo#unit_slim,
UO:0000093,cubic meter per kilogram,unit.ontology,specific volume unit,A specific volume unit which is equal to one cubic meter volume occupied by one kilogram of a particular substance.,,,cubic metre per kilogram|m^[3]/kg,,,george gkoutos,,obo:uo#unit_slim,
UO:0000094,meter per second,unit.ontology,speed/velocity unit,A speed/velocity unit which is equal to the speed of an object traveling 1 meter distance in one second.,,,m/s|metre per second,,,george gkoutos,,obo:uo#unit_slim,
UO:0000095,volume unit,unit.ontology,obo:uo#is_unit_of some PATO:0001710|unit,"A unit which is a standard measure of the amount of space occupied by any substance, whether solid, liquid, or gas.",,,,,,george gkoutos,,obo:uo#unit_group_slim,
UO:0000096,cubic meter,unit.ontology,volume unit,A volume unit which is equal to the volume of a cube with edges one meter in length. One cubic meter equals to 1000 liters.,,,cubic metre|m^[3],,,george gkoutos,,obo:uo#unit_slim,
UO:0000097,cubic centimeter,unit.ontology,volume unit,"A volume unit which is equal to one millionth of a cubic meter or 10^[-9] m^[3], or to 1 ml.",,,cc|cm^3|cubic centimetre,,,george gkoutos,,obo:uo#unit_slim,
UO:0000098,milliliter,unit.ontology,volume unit,"A volume unit which is equal to one thousandth of a liter or 10^[-3] L, or to 1 cubic centimeter.",,,millilitre|ml,,,george gkoutos,,obo:uo#unit_slim,
UO:0000099,liter,unit.ontology,volume unit,"A volume unit which is equal to one thousandth of a cubic meter or 10^[-3] m^[3], or to 1 decimeter.",,,L|l|litre,,,george gkoutos,,obo:uo#unit_slim,
UO:0000100,cubic decimeter,unit.ontology,volume unit,"A volume unit which is equal to one thousand of a cubic meter or 10^[-3] m^[3], or to 1 L.",,,cubic decimetre|dm^[3],,,george gkoutos,,obo:uo#unit_slim,
UO:0000101,microliter,unit.ontology,volume unit,A volume unit which is equal to one millionth of a liter or 10^[-6] L.,,,microlitre|ul,,,george gkoutos,,obo:uo#unit_slim,
UO:0000102,nanoliter,unit.ontology,volume unit,A volume unit which is equal to one thousandth of one millionth of a liter or 10^[-9] L.,,,nanolitre|nl,,,george gkoutos,,obo:uo#unit_slim,
UO:0000103,picoliter,unit.ontology,volume unit,A volume unit which is equal to 10^[-12] L.,,,picolitre|pl,,,george gkoutos,,obo:uo#unit_slim,
UO:0000104,femtoliter,unit.ontology,volume unit,A volume unit which is equal to 10^[-15] L.,,,femtolitre|fl,,,george gkoutos,,obo:uo#unit_slim,
UO:0000105,frequency unit,unit.ontology,obo:uo#is_unit_of some PATO:0000044|unit,A unit which is a standard measure of the number of repetitive actions in a particular time.,,,,,,george gkoutos,,obo:uo#unit_group_slim,
UO:0000106,hertz,unit.ontology,frequency unit,A frequency unit which is equal to 1 complete cycle of a recurring phenomenon in 1 second.,,,Hz|s^1,,,george gkoutos,,obo:uo#unit_slim,
UO:0000107,force unit,unit.ontology,obo:uo#is_unit_of some PATO:0001035|unit,A unit which is a standard measure of the force is applied when a mass is accelerated.,,,,,,george gkoutos,,obo:uo#unit_group_slim,
UO:0000108,newton,unit.ontology,force unit,A force unit which is equal to the force required to cause an acceleration of 1m/s2 of a mass of 1 Kg in the direction of the force.,,,N,,,george gkoutos,,obo:uo#unit_slim,
UO:0000109,pressure unit,unit.ontology,obo:uo#is_unit_of some PATO:0001025|unit,A unit which is a standard measure of the force applied to a given area.,,,,,,george gkoutos,,obo:uo#unit_group_slim,
UO:0000110,pascal,unit.ontology,pressure unit,A pressure unit which is equal to the pressure or stress on a surface caused by a force of 1 newton spread over a surface of 1 m^[2].,,,Pa,,,george gkoutos,,obo:uo#unit_slim,
UO:0000111,energy unit,unit.ontology,obo:uo#is_unit_of some PATO:0001021|obo:uo#is_unit_of some PATO:0001026|unit,"A unit which is a standard measure of the work done by a certain force (gravitational, electric, magnetic, force of inertia, etc).",,,,,,george gkoutos,,obo:uo#unit_group_slim,
UO:0000112,joule,unit.ontology,energy unit,An energy unit which is equal to the energy required when a force of 1 newton moves an object 1 meter in the direction of the force.,,,J,,,george gkoutos,,obo:uo#unit_slim,
UO:0000113,power unit,unit.ontology,obo:uo#is_unit_of some PATO:0001024|unit,A unit which is a standard measure power or the rate of doing work.,,,,,,george gkoutos,,obo:uo#unit_group_slim,
UO:0000114,watt,unit.ontology,power unit,A power unit which is equal to the power used when work is done at the rate of 1 joule per second.,,,W,,,george gkoutos,,obo:uo#unit_slim,
UO:0000115,illuminance unit,unit.ontology,light unit,A unit which is a standard measure of the luminous flux incident on a unit area.,,,,,,george gkoutos,,obo:uo#unit_group_slim,
UO:0000116,lux,unit.ontology,illuminance unit,An illuminance unit which is equal to the illuminance produced by 1 lumen evenly spread over an area 1 m^[2].,,,lx,,,george gkoutos,,obo:uo#unit_slim,
UO:0000117,luminous flux unit,unit.ontology,light unit|obo:uo#is_unit_of some PATO:0001296,A unit which is a standard measure of the flow of radiant energy.,,,,,,george gkoutos,,obo:uo#unit_group_slim,
UO:0000118,lumen,unit.ontology,luminous flux unit,A luminous flux unit which is equal to the luminous flux emitted into 1 steradian by a point source of 1 candela.,,,lm,,,george gkoutos,,obo:uo#unit_slim,
UO:0000119,catalytic activity unit,unit.ontology,obo:uo#is_unit_of some PATO:0001414|unit,A unit which is a standard measure of the amount of the action of a catalyst.,,,,,,george gkoutos,,obo:uo#unit_group_slim,
UO:0000120,katal,unit.ontology,catalytic activity unit,"A catalytic unit activity which is equal to the activity of a catalyst in moles per second, such as the amount of an enzyme needed to transform one mole of substrate per second.",,,kat,,,george gkoutos,,obo:uo#unit_slim,
UO:0000121,angle unit,unit.ontology,obo:uo#is_unit_of some PATO:0000133|unit,A unit which is a standard measure of the figure or space formed by the junction of two lines or planes.,,,,,,george gkoutos,,obo:uo#unit_group_slim,
UO:0000122,plane angle unit,unit.ontology,angle unit,A unit which is a standard measure of the angle formed by two straight lines in the same plane.,,,,,,george gkoutos,,obo:uo#unit_group_slim,
UO:0000123,radian,unit.ontology,plane angle unit,"A plane angle unit which is equal to the angle subtended at the center of a circle by an arc equal in length to the radius of the circle, approximately 57 degrees 17 minutes and 44.6 seconds.",,,rad,,,george gkoutos,,obo:uo#unit_slim,
UO:0000124,solid angle unit,unit.ontology,angle unit,A unit which is a standard measure of the angle formed by three or more planes intersecting at a common point.,,,,,,george gkoutos,,obo:uo#unit_group_slim,
UO:0000125,steradian,unit.ontology,solid angle unit,A solid angle unit which is equal to the solid angle subtended at the center of a sphere by an area on the surface of the sphere that is equal to the radius squared.,,,sr,,,george gkoutos,,obo:uo#unit_slim,
UO:0000126,,,,,,,,,,,,,
UO:0000127,radiation unit,unit.ontology,unit,A unit which is a standard measure of the amount of radiation emitted by a given radiation source as well as the amount of radiation absorbed or deposited in a specific material by a radiation source.,,,,,,george gkoutos,,obo:uo#unit_group_slim,
UO:0000128,activity (of a radionuclide) unit,unit.ontology,obo:uo#is_unit_of some PATO:0001740|radiation unit,A unit which is a standard measure of the transformation (disintegration) rate of a radioactive substance.,,,,,,george gkoutos,,obo:uo#unit_group_slim,
UO:0000129,absorbed dose unit,unit.ontology,obo:uo#is_unit_of some PATO:0001745|radiation unit,A unit which is a standard measure of the energy imparted by ionizing radiation to unit mass of matter such as tissue.,,,,,,george gkoutos,,obo:uo#unit_group_slim,
UO:0000130,dose equivalent unit,unit.ontology,obo:uo#is_unit_of some PATO:0001746|radiation unit,A unit which is a standard measure of the expression of dose in terms of its biological effect.,,,,,,george gkoutos,,obo:uo#unit_group_slim,
UO:0000131,exposure unit,unit.ontology,obo:uo#is_unit_of some PATO:0001744|radiation unit,A unit which is a standard measure of the quantity that expresses the ability of radiation to ionize air and thereby create electric charges which can be collected and measured.,,,,,,george gkoutos,,obo:uo#unit_group_slim,
UO:0000132,becquerel,unit.ontology,activity (of a radionuclide) unit,An activity (of a radionuclide) unit which is equal to the activity of a quantity of radioactive material in which one nucleus decays per second or there is one atom disintegration per second (dps).,,,Bq,,,george gkoutos,,obo:uo#unit_slim,
UO:0000133,curie,unit.ontology,activity (of a radionuclide) unit,An activity (of a radionuclide) unit which is equal to the activity of a quantity of radioactive material in which there are 3.7 x 10^[10] atom disintegration per second (dps).,,,Ci,,,george gkoutos,,obo:uo#unit_slim,
UO:0000134,gray,unit.ontology,absorbed dose unit,An absorbed dose unit which is equal to the absorption of one joule of radiation energy by one kilogram of matter.,,,Gy,,,george gkoutos,,obo:uo#unit_slim,
UO:0000135,rad,unit.ontology,absorbed dose unit,An absorbed dose unit which is equal to 0.01 gray (Gy).,,,,,,george gkoutos,,obo:uo#unit_slim,
UO:0000136,roentgen,unit.ontology,exposure unit,An exposure unit which is equal to the amount of radiation required to liberate positive and negative charges of one electrostatic unit of charge in 1 cm^[3] of air at standard temperature and pressure (STP). This corresponds to the generation of approximately 2.0810^[9] ion pairs.,,,R,,,george gkoutos,,obo:uo#unit_slim,
UO:0000137,sievert,unit.ontology,dose equivalent unit,A dose equivalent unit which is equal to the absorption of one joule of radiation energy by one kilogram of matter.,,,Sv,,,george gkoutos,,obo:uo#unit_slim,
UO:0000138,millisievert,unit.ontology,dose equivalent unit,A dose equivalent unit which is equal to one thousandth of a sievert or 10^[-3] Sv.,,,mSv,,,george gkoutos,,obo:uo#unit_slim,
UO:0000139,microsievert,unit.ontology,dose equivalent unit,A dose equivalent unit which is equal to one millionth of a sievert or 10^[-6] Sv.,,,uSv,,,george gkoutos,,obo:uo#unit_slim,
UO:0000140,Roentgen equivalent man,unit.ontology,dose equivalent unit,A dose equivalent unit which when multiplied by hundred is equal to one sievert or 1 Sv. 1 Sv is equal to 100 rem.,,Rem = absorbed dose (rad) x quality factor (Q). Q is unique to the type of incident radiation.,rem,,,george gkoutos,,obo:uo#unit_slim,
UO:0000141,microgray,unit.ontology,absorbed dose unit,An absorbed dose unit which is equal to one millionth of a gray or 10^[-6] Gy.,,,uGy,,,george gkoutos,,obo:uo#unit_slim,
UO:0000142,milligray,unit.ontology,absorbed dose unit,An absorbed dose unit which is equal to one thousandth of a gray or 10^[-3] Gy.,,,mGy,,,george gkoutos,,obo:uo#unit_slim,
UO:0000143,nanogray,unit.ontology,absorbed dose unit,An absorbed dose unit which is equal to one thousandth of a millionth of a gray or 10^[-9] Gy.,,,nGy,,,george gkoutos,,obo:uo#unit_slim,
UO:0000144,nanosievert,unit.ontology,dose equivalent unit,A dose equivalent unit which is equal to one thousandth of a millionth of a sievert or 10^[-9] Sv.,,,nSv,,,george gkoutos,,obo:uo#unit_slim,
UO:0000145,millicurie,unit.ontology,activity (of a radionuclide) unit,An activity (of a radionuclide) unit which is equal to one thousandth of a curie or 10^[-3] Ci.,,,mCi,,,george gkoutos,,obo:uo#unit_slim,
UO:0000146,microcurie,unit.ontology,activity (of a radionuclide) unit,An activity (of a radionuclide) unit which is equal to one millionth of a curie or 10^[-6] Ci.,,,uCi,,,george gkoutos,,obo:uo#unit_slim,
UO:0000147,disintegrations per minute,unit.ontology,activity (of a radionuclide) unit,An activity (of a radionuclide) unit which is equal to the activity of a quantity of radioactive material in which one nucleus decays per minute or there is one atom disintegration per minute.,,,dpm,,,george gkoutos,,obo:uo#unit_slim,
UO:0000148,counts per minute,unit.ontology,activity (of a radionuclide) unit,An activity (of a radionuclide) unit which is equal to the number of light emissions produced by ionizing radiation in one minute.,,,cpm,,,george gkoutos,,obo:uo#unit_slim,
UO:0000149,,,,,,,,,,,,,
UO:0000150,nanosecond,unit.ontology,time unit,A time unit which is equal to one thousandth of one millionth of a second or 10^[-9] s.,,,ns,,,george gkoutos,,obo:uo#unit_slim,
UO:0000151,century,unit.ontology,time unit,A time unit which is equal to 100 years.,,,,,,george gkoutos,,obo:uo#unit_slim,
UO:0000152,half life,unit.ontology,time unit,A time unit which represents the period over which the activity or concentration of a specified chemical or element falls to half its original activity or concentration.,,Typically applied to the half life of radioactive atoms but also applicable to any other situation where the population is of molecules of diminishing concentration or activity.,,,,george gkoutos,,obo:uo#unit_slim,
UO:0000153,foot candle,unit.ontology,illuminance unit,An illuminance unit which is equal to the illuminance produced by 1 lumen evenly spread over an area 1 foot^[2]. One footcandle is equal to 10.76 lux.,,,ft-c,,,george gkoutos,,obo:uo#unit_slim,
UO:0000154,irradiance unit,unit.ontology,light unit,"A unit which is a standard measure of the power of electromagnetic radiation at a surface, per unit area.",,,,,,george gkoutos,,obo:uo#unit_group_slim,
UO:0000155,watt per square meter,unit.ontology,irradiance unit,An irradiance unit which is equal to 1 watt of radiant power incident per one square meter surface area.,,,W/m^[2]|watt per square metre,,,george gkoutos,,obo:uo#unit_slim,
UO:0000156,einstein per square meter per second,unit.ontology,irradiance unit,"An irradiance unit which is equal to one einstein per square meter per second. One einstein is one mole of photons, regardless of their frequency. Therefore, the number of photons in an einstein is Avogadro's number.",,,einstein per square metre per second|einstein/sm^[2]|mole per second and square meter mol/sm^2,,,george gkoutos,,obo:uo#unit_slim,
UO:0000157,light unit,unit.ontology,unit,A unit which is a standard measure of the intensity of light.,,,,,,george gkoutos,,obo:uo#unit_group_slim,
UO:0000158,watt per steradian per square meter,unit.ontology,radiance unit,"A radiance unit which is equal to one watt of radiant power incident per steradian solid angle per one square meter projected area of the source, as viewed from the given direction.",,,W/sr m^[2]|watt per steradian per square metre,,,george gkoutos,,obo:uo#unit_slim,
UO:0000159,radiant intensity unit,unit.ontology,light unit|obo:uo#is_unit_of some PATO:0001717,A unit which is a standard measure of the intensity of electromagnetic radiation.,,,,,,george gkoutos,,obo:uo#unit_group_slim,
UO:0000160,microeinstein per square meter per second,unit.ontology,irradiance unit,An irradiance unit which is equal to one microeinstein per square meter per second or 10^[-6] microeinstein/sm^[2].,,,microeinstein per square metre per second|micromole per second and square meter mmol/sm^2|umicroeinstein/sm^[2],,,george gkoutos,,obo:uo#unit_slim,
UO:0000161,radiance unit,unit.ontology,light unit|obo:uo#is_unit_of some PATO:0001299,A unit which is a standard measure of the power of electromagnetic radiation through space or through a material medium in the form of electromagnetic waves.,,,,,,george gkoutos,,obo:uo#unit_group_slim,
UO:0000162,watt per steradian,unit.ontology,radiant intensity unit,A radiant intensity unit which is equal to one kilogram meter squared per second cubed per steradian.,,,W/sr,,,george gkoutos,,obo:uo#unit_slim,
UO:0000163,mass percentage,unit.ontology,concentration unit|percent,A dimensionless concentration unit which denotes the mass of a substance in a mixture as a percentage of the mass of the entire mixture.,,,w/w|weight-weight percentage,,,george gkoutos,,obo:uo#unit_slim,
UO:0000164,mass volume percentage,unit.ontology,concentration unit|percent,A dimensionless concentration unit which denotes the mass of the substance in a mixture as a percentage of the volume of the entire mixture.,,,(w/v)|weight-volume percentage,,,george gkoutos,,obo:uo#unit_slim,
UO:0000165,volume percentage,unit.ontology,percent|volume per unit volume,A dimensionless concentration unit which denotes the volume of the solute in mL per 100 mL of the resulting solution.,,,% (v/v),,,george gkoutos,,obo:uo#unit_slim,
UO:0000166,parts per notation unit,unit.ontology,dimensionless unit,A dimensionless concentration notation which describes the amount of one substance in another. It is the ratio of the amount of the substance of interest to the amount of that substance plus the amount of the substance.,,,,,,george gkoutos,,obo:uo#unit_group_slim,
UO:0000167,parts per hundred,unit.ontology,parts per notation unit,A dimensionless concentration notation which denotes the amount of a given substance in a total amount of 100 regardless of the units of measure as long as they are the same.,,,10^[-2]|pph,,,george gkoutos,,obo:uo#unit_slim,
UO:0000168,parts per thousand,unit.ontology,parts per notation unit,A dimensionless concentration notation which denotes the amount of a given substance in a total amount of 1000 regardless of the units of measure as long as they are the same.,,,10^[-3]|ppth,,,george gkoutos,,obo:uo#unit_slim,
UO:0000169,parts per million,unit.ontology,parts per notation unit,"A dimensionless concentration notation which denotes the amount of a given substance in a total amount of 1,000,000 regardless of the units of measure used as long as they are the same or 1 part in 10^[6].",,,10^[-6]|ppm,,,george gkoutos,,obo:uo#unit_slim,
UO:0000170,parts per billion,unit.ontology,parts per notation unit,"A dimensionless concentration notation which denotes the amount of a given substance in a total amount of 1,000,000,000 regardless of the units of measure as long as they are the same or 1 part in 10^[9].",,,10^[-9]|ppb,,,george gkoutos,,obo:uo#unit_slim,
UO:0000171,parts per trillion,unit.ontology,parts per notation unit,"A dimensionless concentration notation which denotes the amount of a given substance in a total amount of 1,000,000,000 regardless of the units of measure used as long as they are the same or 1 part in 10^[12].",,,10^[-12]|ppt,,,george gkoutos,,obo:uo#unit_slim,
UO:0000172,parts per quadrillion,unit.ontology,parts per notation unit,"A dimensionless concentration notation which denotes the amount of a given substance in a total amount of 1,000,000,000,000 regardless of the units of measure used as long as they are the same or 1 part in 10^[15].",,,10^[-15]|ppq,,,george gkoutos,,obo:uo#unit_slim,
UO:0000173,gram per milliliter,unit.ontology,mass density unit,A mass unit density which is equal to mass of an object in grams divided by the volume in milliliter.,,,g/ml|gram per millilitre,,,george gkoutos,,obo:uo#unit_slim,
UO:0000174,kilogram per liter,unit.ontology,mass density unit,A mass unit density which is equal to mass of an object in kilograms divided by the volume in liters.,,,kg/L|kilogram per litre,,,george gkoutos,,obo:uo#unit_slim,
UO:0000175,gram per liter,unit.ontology,mass density unit,A mass unit density which is equal to mass of an object in grams divided by the volume in liters.,,,g/L|gram per litre,,,george gkoutos,,obo:uo#unit_slim,
UO:0000176,milligram per milliliter,unit.ontology,mass density unit,A mass unit density which is equal to mass of an object in milligrams divided by the volume in milliliters.,,,mg/ml|milligram per millilitre,,,george gkoutos,,obo:uo#unit_slim,
UO:0000177,unit per volume unit,unit.ontology,concentration unit,"A concentration unit which is a standard measure of the number of units, as an agreed arbitrary amount, of a given substance per a specific volume of solution.",,,,,,george gkoutos,,obo:uo#unit_group_slim,
UO:0000178,unit per milliliter,unit.ontology,unit per volume unit,A unit per milliliter unit which is equal to one unit of an agreed arbitrary amount per one milliliter.,,,U/ml|unit per millilitre,,,george gkoutos,,obo:uo#unit_slim,
UO:0000179,unit per liter,unit.ontology,unit per volume unit,A unit per milliliter unit which is equal to one unit of an agreed arbitrary amount per one liter.,,,U/l|unit per litre,,,george gkoutos,,obo:uo#unit_slim,
UO:0000180,mass per unit volume,unit.ontology,concentration unit,A concentration unit which is a standard measure of the mass of a substance in a given volume (density).,,"For units and further information look under the mass density unit. For a sample of a specific pure elemental substance, the concentration is directly proportional to the density. However, concentration is not proportional to density in general.",,,,george gkoutos,,obo:uo#unit_slim,
UO:0000181,enzyme unit,unit.ontology,catalytic activity unit,A catalytic unit activity which is equal to the amount of the enzyme that catalyzes the conversion of 1 micro mole of substrate per minute.,,,U,,,george gkoutos,,obo:uo#unit_slim,
UO:0000182,density unit,unit.ontology,obo:uo#is_unit_of some PATO:0001019|unit,A unit which is a standard measure of the influence exerted by some mass.,,,,,,george gkoutos,,obo:uo#unit_group_slim,
UO:0000183,linear density unit,unit.ontology,density unit|obo:uo#is_unit_of some PATO:0001352,A density unit which is a standard measure of the mass exerting an influence on a one-dimensional object.,,,,,,george gkoutos,,obo:uo#unit_group_slim,
UO:0000184,kilogram per meter,unit.ontology,linear density unit,An area density unit which is equal to the mass of an object in kilograms divided by one meter.,,,kg/m|kilogram per metre,,,george gkoutos,,obo:uo#unit_slim,
UO:0000185,degree,unit.ontology,plane angle unit,A plane angle unit which is equal to 1/360 of a full rotation or 1.7453310^[-2] rad.,,,,,,george gkoutos,,obo:uo#unit_slim,
UO:0000186,dimensionless unit,unit.ontology,unit,A unit which is a standard measure of physical quantity consisting of only a numerical number without any units.,,,,,,george gkoutos,,obo:uo#unit_group_slim,
UO:0000187,percent,unit.ontology,ratio,A dimensionless ratio unit which denotes numbers as fractions of 100.,,,%,,,george gkoutos,,obo:uo#unit_group_slim,
UO:0000188,pi,unit.ontology,dimensionless unit,"A dimensionless unit which denoted an irrational real number, approximately equal to 3.14159 which is the ratio of a circle's circumference to its diameter in Euclidean geometry.",,,,,,george gkoutos,,obo:uo#unit_slim,
UO:0000189,count unit,unit.ontology,dimensionless unit,A dimensionless unit which denotes a simple count of things.,,,count,,,george gkoutos,,obo:uo#unit_group_slim,
UO:0000190,ratio,unit.ontology,dimensionless unit,A dimensionless unit which denotes an amount or magnitude of one quantity relative to another.,,,,,,george gkoutos,,obo:uo#unit_group_slim,
UO:0000191,fraction,unit.ontology,ratio,A dimensionless ratio unit which relates the part (the numerator) to the whole (the denominator).,,,,,,george gkoutos,,obo:uo#unit_group_slim,
UO:0000192,molecule count,unit.ontology,count unit,A dimensionless count unit which denotes the number of molecules.,,,,,,george gkoutos,,obo:uo#unit_slim,
UO:0000193,purity percentage,unit.ontology,percent,A dimensionless percent unit which denotes the homogeneity of a biomaterial.,,An example of a biomaterial could be an e.g. tumor biopsy.,,,,george gkoutos,,obo:uo#unit_slim,
UO:0000194,confluence percentage,unit.ontology,percent,"A dimensionless percent unit which denotes the density of an attached or monolayer culture (e.g., cell culture).",,,,,,george gkoutos,,obo:uo#unit_slim,
UO:0000195,degree Fahrenheit,unit.ontology,temperature unit,A temperature unit which is equal to 5/9ths of a kelvin. Negative 40 degrees Fahrenheit is equal to negative 40 degrees Celsius.,,"In this scale, the freezing point of water is 32 degrees Fahrenheit and the boiling point is 212 degrees, placing the boiling and freezing points of water 180 degrees apart. -40 degrees Fahrenheit is equal to -40 degrees Celsius.",F,,,george gkoutos,,obo:uo#unit_slim,
UO:0000196,pH,unit.ontology,concentration unit|dimensionless unit|obo:uo#is_unit_of some PATO:0001428,A dimensionless concentration notation which denotes the acidity of a solution in terms of activity of hydrogen ions (H+).,,,,,,george gkoutos,,obo:uo#unit_slim,
UO:0000197,liter per kilogram,unit.ontology,specific volume unit,A specific volume unit which is equal to one liter volume occupied by one kilogram of a particular substance.,,,l/kg|litre per kilogram,,,george gkoutos,,obo:uo#unit_slim,
UO:0000198,milliliter per kilogram,unit.ontology,specific volume unit,A specific volume unit which is equal to a thousandth of a liter per kilogram or 10^[-3] l/kg.,,,millilitre per kilogram|ml/kg,,,george gkoutos,,obo:uo#unit_slim,
UO:0000199,microliter per kilogram,unit.ontology,specific volume unit,A specific volume unit which is equal to one millionth of a liter per kilogram or 10^[-6] l/kg.,,,microlitre per kilogram|ul/kg,,,george gkoutos,,obo:uo#unit_slim,
UO:0000200,cell concentration unit,unit.ontology,concentration unit,A concentration unit which denotes the average cell number in a given volume.,,,,,,george gkoutos,,obo:uo#unit_group_slim,
UO:0000201,cells per milliliter,unit.ontology,cell concentration unit,A unit of cell concentration which is equal to one cell in a volume of 1 milliliter.,,,cells per millilitre|cells per ml,,,george gkoutos,,obo:uo#unit_slim,
UO:0000202,catalytic (activity) concentration unit,unit.ontology,concentration unit|obo:uo#is_unit_of some PATO:0001674,A concentration unit which is a standard measure of the amount of the action of a catalyst in a given volume.,,,,,,george gkoutos,,obo:uo#unit_group_slim,
UO:0000203,katal per cubic meter,unit.ontology,catalytic (activity) concentration unit,A catalytic (activity) concentration unit which is equal to 1 katal activity of a catalyst in a given volume of one cubic meter.,,,kat/m^[3]|katal per cubic metre,,,george gkoutos,,obo:uo#unit_slim,
UO:0000204,katal per liter,unit.ontology,catalytic (activity) concentration unit,A catalytic (activity) concentration unit which is equal to 1 katal activity of a catalyst in a given volume of one thousandth of a cubic meter.,,,kat/l|katal per litre,,,george gkoutos,,obo:uo#unit_slim,
UO:0000205,volume per unit volume,unit.ontology,concentration unit,A dimensionless concentration unit which denotes the given volume of the solute in the total volume of the resulting solution.,,,,,,george gkoutos,,obo:uo#unit_group_slim,
UO:0000206,milliliter per cubic meter,unit.ontology,volume per unit volume,A volume per unit volume unit which is equal to one millionth of a liter of solute in one cubic meter of solution.,,,millilitre per cubic metre|ml/m^[3],,,george gkoutos,,obo:uo#unit_slim,
UO:0000207,milliliter per liter,unit.ontology,volume per unit volume,A volume per unit volume unit which is equal to one millionth of a liter of solute in one liter of solution.,,,millilitre per litre|ml/l,,,george gkoutos,,obo:uo#unit_slim,
UO:0000208,gram per deciliter,unit.ontology,mass density unit,A mass density unit which is equal to mass of an object in grams divided by the volume in deciliters.,,,g/dl|gram per decilitre,,,george gkoutos,,obo:uo#unit_slim,
UO:0000209,deciliter,unit.ontology,volume unit,A volume unit which is equal to one tenth of a liter or 10^[-1] L.,,,decilitre|dl,,,george gkoutos,,obo:uo#unit_slim,
UO:0000210,colony forming unit,unit.ontology,count unit,A dimensionless count unit which a measure of viable bacterial numbers.,,,cfu,,,george gkoutos,,obo:uo#unit_slim,
UO:0000211,plaque forming unit,unit.ontology,count unit,A dimensionless count unit which a measure of plague forming units in a given volume.,,,pfu,,,george gkoutos,,obo:uo#unit_slim,
UO:0000212,colony forming unit per volume,unit.ontology,concentration unit,A concentration unit which a measure of viable bacterial numbers in a given volume.,,,,,,george gkoutos,,obo:uo#unit_group_slim,
UO:0000213,colony forming unit per milliliter,unit.ontology,colony forming unit per volume,A colony forming unit which a measure of viable bacterial numbers in one milliliter.,,,cfu/ml|colony forming unit per millilitre,,,george gkoutos,,obo:uo#unit_slim,
UO:0000214,plaque forming unit per volume,unit.ontology,concentration unit,A concentration unit which a measure of plague forming units in a given volume.,,,,,,george gkoutos,,obo:uo#unit_group_slim,
UO:0000215,plaque forming unit per milliliter,unit.ontology,plaque forming unit per volume,A concentration unit which a measure of plague forming units in one milliliter.,,,pfu/ml|plaque forming unit per millilitre,,,george gkoutos,,obo:uo#unit_slim,
UO:0000216,disintegrations per second,unit.ontology,activity (of a radionuclide) unit,An activity (of a radionuclide) unit which is equal to the activity of a quantity of radioactive material in which one nucleus decays per second or there is one atom disintegration per second.,,,dps,,,george gkoutos,,obo:uo#unit_slim,
UO:0000217,electric potential difference unit,unit.ontology,obo:uo#is_unit_of some PATO:0001464|unit,A unit which is a standard measure of the work done per unit charge as a charge is moved between two points in an electric field.,,,,,,george gkoutos,,obo:uo#unit_group_slim,
UO:0000218,volt,unit.ontology,electric potential difference unit,An electric potential difference unit which is equal to the work per unit charge. One volt is the potential difference required to move one coulomb of charge between two points in a circuit while using one joule of energy.,,,V,,,george gkoutos,,obo:uo#unit_slim,
UO:0000219,electric charge,unit.ontology,unit,A unit which is a standard measure of the quantity of unbalanced electricity in a body (either positive or negative) and construed as an excess or deficiency of electrons.,,,,,,george gkoutos,,obo:uo#unit_group_slim,
UO:0000220,coulomb,unit.ontology,electric charge,An electrical charge unit which is equal to the amount of charge transferred by a current of 1 ampere in 1 second.,,,C,,,george gkoutos,,obo:uo#unit_slim,
UO:0000221,dalton,unit.ontology,mass unit,"An independently to the base SI units defined mass unit which is equal to one twelfth of the mass of an unbound atom of the carbon-12 nuclide, at rest and in its ground state.",,,Da|amu|u|unified atomic mass unit,,,george gkoutos,,obo:uo#unit_slim,
UO:0000222,kilodalton,unit.ontology,mass unit,A mass unit which is equal to one thousand daltons.,,,kDa,,,george gkoutos,,obo:uo#unit_slim,
UO:0000223,watt-hour,unit.ontology,energy unit,An energy unit which is equal to the amount of electrical energy equivalent to a one-watt load drawing power for one hour.,,,Wh,,,george gkoutos,,obo:uo#unit_slim,
UO:0000224,kilowatt-hour,unit.ontology,energy unit,"An energy unit which is equal to 1,000 watt-hours.",,,,,,george gkoutos,,obo:uo#unit_slim,
UO:0000225,magnetic flux unit,unit.ontology,obo:uo#is_unit_of some PATO:0001682|unit,"A unit which is a standard measure of quantity of magnetism, taking account of the strength and the extent of a magnetic field.",,,,,,george gkoutos,,obo:uo#unit_group_slim,
UO:0000226,weber,unit.ontology,magnetic flux unit,A magnetic flux unit which is equal to the amount of flux that when linked with a single turn of wire for an interval of one second will induce an electromotive force of one volt.,,,V s|Wb,,volt-second,george gkoutos,,obo:uo#unit_slim,
UO:0000227,magnetic flux density unit,unit.ontology,unit,A unit which is a standard measure of the strength of a magnetic field.,,,B,,,george gkoutos,,obo:uo#unit_group_slim,
UO:0000228,tesla,unit.ontology,magnetic flux density unit,A magnetic flux density unit which is equal to one weber per square meter.,,,T|Wb/m2,,,george gkoutos,,obo:uo#unit_slim,
UO:0000229,volt-hour,unit.ontology,magnetic flux unit,A magnetic flux unit which is equal to 3600 Wb.,,,Vh,,,george gkoutos,,obo:uo#unit_slim,
UO:0000230,kilovolt-hour,unit.ontology,magnetic flux unit,A magnetic flux unit which is equal to one thousand volt-hours.,,,kVh,,,george gkoutos,,obo:uo#unit_slim,
UO:0000231,information unit,unit.ontology,unit,A unit which is a standard measure of the amount of information.,,,,,,george gkoutos,,obo:uo#unit_group_slim,
UO:0000232,bit,unit.ontology,information unit,"An information unit which refers to a digit in the binary numeral system, which consists of base 2 digits (ie there are only 2 possible values: 0 or 1).",,,,,,george gkoutos,,obo:uo#unit_slim,
UO:0000233,byte,unit.ontology,information unit,An information unit which is equal to 8 bits.,,,B,,,george gkoutos,,obo:uo#unit_slim,
UO:0000234,kilobyte,unit.ontology,information unit,An information unit which is equal to 1000 bytes.,,,kB,,,george gkoutos,,obo:uo#unit_slim,
UO:0000235,megabyte,unit.ontology,information unit,An information unit which is equal to 1000 kB.,,,MB,,,george gkoutos,,obo:uo#unit_slim,
UO:0000236,image resolution unit,unit.ontology,information unit,An information unit which is a standard measure of the detail an image holds.,,,,,,george gkoutos,,obo:uo#unit_group_slim,
UO:0000237,chroma sampling unit,unit.ontology,image resolution unit,An image resolution unit which is a standard measure of the amount of spatial detail in an image.,,,,,,george gkoutos,,obo:uo#unit_slim,
UO:0000238,dynamic range unit,unit.ontology,image resolution unit,An image resolution unit which is a standard measure of the amount of contrast available in a pixel.,,,,,,george gkoutos,,obo:uo#unit_slim,
UO:0000239,spatial resolution unit,unit.ontology,image resolution unit,An image resolution unit which is a standard measure of the way luminance and chrominance may be sampled at different levels.,,,,,,george gkoutos,,obo:uo#unit_group_slim,
UO:0000240,dots per inch,unit.ontology,spatial resolution unit,"A spatial resolution unit which is a standard measure of the printing resolution, in particular the number of individual dots of ink a printer or toner can produce within a linear one-inch space.",,,dpi,,,george gkoutos,,obo:uo#unit_slim,
UO:0000241,micron pixel,unit.ontology,spatial resolution unit,A spatial resolution unit which is equal to a pixel size of one micrometer.,,,micrometer pixel,,,george gkoutos,,obo:uo#unit_slim,
UO:0000242,pixels per inch,unit.ontology,spatial resolution unit,"A spatial resolution unit which is a standard measure of the resolution of a computer display, related to the size of the display in inches and the total number of pixels in the horizontal and vertical directions.",,,pixel density|ppi,,,george gkoutos,,obo:uo#unit_slim,
UO:0000243,pixels per millimeter,unit.ontology,spatial resolution unit,A spatial resolution unit which is a standard measure of the number of pixels in one millimeter length or width of a digital image divided by the physical length or width of a printed image.,,,pixels per millimetre,,,george gkoutos,,obo:uo#unit_slim,
UO:0000244,base pair,unit.ontology,count unit,A count unit which contains one nucleotide.,,,bp,,,george gkoutos,,obo:uo#unit_slim,
UO:0000245,kibibyte,unit.ontology,information unit,An information unit which is equal to 1024 B.,,,KiB,,,george gkoutos,,obo:uo#unit_slim,
UO:0000246,mebibyte,unit.ontology,information unit,An information unit which is equal to 1024 KiB.,,,MiB,,,george gkoutos,,obo:uo#unit_slim,
UO:0000247,millivolt,unit.ontology,electric potential difference unit,An electric potential difference unit which is equal to one thousandth of a volt or 10^[-3] V.,,,mV,,,george gkoutos,,obo:uo#unit_slim,
UO:0000248,kilovolt,unit.ontology,electric potential difference unit,An electric potential difference unit which is equal to one thousand volts or 10^[3] V.,,,kV,,,george gkoutos,,obo:uo#unit_slim,
UO:0000249,microvolt,unit.ontology,electric potential difference unit,An electric potential difference unit which is equal to one millionth of a volt or 10^[-6] V.,,,uV,,,george gkoutos,,obo:uo#unit_slim,
UO:0000250,nanovolt,unit.ontology,electric potential difference unit,An electric potential difference unit which is equal to one billionth of a volt or 10^[-12] V.,,,nV,,,george gkoutos,,obo:uo#unit_slim,
UO:0000251,picovolt,unit.ontology,electric potential difference unit,An electric potential difference unit which is equal to one trillionth of a volt or 10^[-12] V.,,,pV,,,george gkoutos,,obo:uo#unit_slim,
UO:0000252,megavolt,unit.ontology,electric potential difference unit,An electric potential difference unit which is equal to one million volts or 10^[6] V.,,,MV,,,george gkoutos,,obo:uo#unit_slim,
UO:0000253,surface tension unit,unit.ontology,obo:uo#is_unit_of some PATO:0001461|unit,A unit which is a standard measure of the ability of a liguid to attraction of molecules at its surface as a result of unbalanced molecular cohesive forces.,,,,,,george gkoutos,,obo:uo#unit_group_slim,
UO:0000254,newton per meter,unit.ontology,surface tension unit,A surface tension unit which is equal to one newton per meter.,,,N/m|newton per metre,,,george gkoutos,,obo:uo#unit_slim,
UO:0000255,dyne per cm,unit.ontology,surface tension unit,A surface tension unit which is equal to one dyne per centimeter.,,,dyn/cm,,,george gkoutos,,obo:uo#unit_slim,
UO:0000256,viscosity unit,unit.ontology,obo:uo#is_unit_of some PATO:0000992|unit,A unit which is a standard measure of the internal resistance of fluids to flow.,,,,,,george gkoutos,,obo:uo#unit_group_slim,
UO:0000257,pascal second,unit.ontology,viscosity unit,A viscosity unit which is equal to one pascale per second.,,,Pa  s,,,george gkoutos,,obo:uo#unit_slim,
UO:0000258,poise,unit.ontology,viscosity unit,A viscosity unit which is equal to one dyne second per square centimeter.,,,P|dyne s/cm^2,,,george gkoutos,,obo:uo#unit_slim,
UO:0000259,decibel,unit.ontology,obo:uo#is_unit_of some PATO:0001521|ratio,A ratio unit which is an indicator of sound power per unit area.,,,dB,,,george gkoutos,,obo:uo#unit_slim,
UO:0000260,effective dose unit,unit.ontology,obo:uo#is_unit_of some PATO:0001747|radiation unit,A unit which is a standard measure of the estimate of the stochastic effect that a non-uniform radiation dose has on a human.,,,,,,george gkoutos,,obo:uo#unit_slim,
UO:0000261,conduction unit,unit.ontology,unit,A unit which represents a standard measurement of the transmission of an entity through a medium.,,,,,,george gkoutos,,obo:uo#unit_group_slim,
UO:0000262,electrical conduction unit,unit.ontology,conduction unit|obo:uo#is_unit_of some PATO:0001757,A unit which represents a standard measurement of the movement of electrically charged particles through a transmission medium (electrical conductor).,,,,,,george gkoutos,,obo:uo#unit_group_slim,
UO:0000263,heat conduction unit,unit.ontology,conduction unit|obo:uo#is_unit_of some PATO:0001756,"A unit which represents a standard measurement of the spontaneous transfer of thermal energy through matter, from a region of higher temperature to a region of lower temperature.",,,,,,george gkoutos,,obo:uo#unit_group_slim,
UO:0000264,siemens,unit.ontology,electrical conduction unit,An electrical conduction unit which is equal to A/V.,,,A V^-1,,S|mho ,george gkoutos,,obo:uo#unit_slim,
UO:0000265,watt per meter kelvin,unit.ontology,heat conduction unit,An heat conduction unit which is equal to one watt divided by meter kelvin.,,,W/m K,,watt per metre kelvin,george gkoutos,,obo:uo#unit_slim,
UO:0000266,electronvolt,unit.ontology,energy unit,A non-SI unit of energy (eV) defined as the energy acquired by a single unbound electron when it passes through an electrostatic potential difference of one volt. An electronvolt is equal to 1.602 176 53(14) x 10^-19 J.,,,eV|electron volt,,,george gkoutos,,obo:uo#unit_slim,
UO:0000267,electric field strength unit,unit.ontology,unit,The electric field strength is a unit which is a measure of the potential difference between two points some distance apart.,,,E-field strength ,,,george gkoutos,2009-03-03T12:23:16Z,obo:uo#unit_group_slim,
UO:0000268,volt per meter,unit.ontology,electric field strength unit,The volt per meter is a unit of electric field strength equal to the a potential difference of 1 volt existing between two points that are 1 meter apart.,,,V/m|volt per metre,,,george gkoutos,2009-03-03T12:28:17Z,obo:uo#unit_slim,
UO:0000269,absorbance unit,unit.ontology,dimensionless unit,"A dimensionless logarithmic unit assigned to a measure of absorbance of light through a partially absorbing substance, defined as -log10(I/I_0) where I = transmitted light and I_0 = incident light.",,,AU,,,george gkoutos,2009-07-14T12:33:48Z,obo:uo#unit_slim,
UO:0000270,volumetric flow rate unit,unit.ontology,unit,A unit which is a standard measure of the volume of fluid which passes through a given surface per unit time .,,,,,,george gkoutos,,obo:uo#unit_group_slim,
UO:0000271,microliters per minute,unit.ontology,obo:uo#is_unit_of some PATO:0001574|volumetric flow rate unit,A volumetric flow rate unit which is equal to one microliter volume through a given surface in one minute.,,,microlitres per minute|uL/min,,,george gkoutos,,obo:uo#unit_slim,
UO:0000272,millimetres of mercury,unit.ontology,pressure unit,A unit of pressure equal to the amount of fluid pressure one millimeter deep in mercury at zero degrees centigrade on Earth.,,,millimeters of mercury|mmHg,,,george gkoutos,,obo:uo#unit_slim,
UO:0000273,milligram per liter,unit.ontology,mass density unit,A mass unit density which is equal to mass of an object in milligrams divided by the volume in liters.,,,mg/L|milligram per litre,,,george,2011-03-21T10:35:01Z,obo:uo#unit_slim,
UO:0000274,microgram per milliliter,unit.ontology,mass density unit,A mass unit density which is equal to mass of an object in micrograms divided by the volume in millliters.,,,ug/ml,,microgram per millilitre,George Gkoutos,2011-03-21T10:40:21Z,obo:uo#unit_slim,
UO:0000275,nanogram per milliliter,unit.ontology,mass density unit,A mass unit density which is equal to mass of an object in nanograms divided by the volume in milliliters.,,,nanogram per millilitre|ng/ml,,,George Gkoutos,2011-03-21T10:55:12Z,obo:uo#unit_slim,
UO:0000276,amount per container,unit.ontology,concentration unit,A concentration unit which is a standard measure of the amount of a substance in a given container.,,,,,,george gkoutos,,obo:uo#unit_group_slim,
UO:0000277,ug/disk,unit.ontology,amount per container,"A unit which is equal to one microgram per disk, where a disk is some physical surface/container upon which the substance is deposited.",,,,,,george gkoutos,,obo:uo#unit_group_slim,
UO:0000278,nmole/disk,unit.ontology,amount per container,"A unit which is equal to one nanomole per disk, where a disk is some physical surface/container upon which the substance is deposited.",,,,,,george gkoutos,,obo:uo#unit_group_slim,
UO:0000279,milliunits per milliliter,unit.ontology,unit per volume unit,A unit per milliliter unit which is equal to one thousandth of a unit of an agreed arbitrary amount per one milliliter.,,,mU/ml|milliunits per millilitre,,,george gkoutos,,obo:uo#unit_slim,
UO:0000280,rate unit,unit.ontology,unit,A unit which represents a standard measurement occurrence of a process per unit time.,,,,,,george gkoutos,,obo:uo#unit_group_slim,
UO:0000281,count per nanomolar second,unit.ontology,rate unit,A rate unit which is equal to one over one nanomolar second.,,,nM^-1 s^-1,,,george gkoutos,,obo:uo#unit_slim,
UO:0000282,count per molar second,unit.ontology,rate unit,A rate unit which is equal to one over one molar second.,,,M^-1 s^-1,,,george gkoutos,,obo:uo#unit_slim,
UO:0000283,kilogram per hectare,unit.ontology,area density unit,An area density unit which is equal to the mass of an object in kilograms divided by the surface area in hectares.,,,,,,George Gkoutos,2011-10-12T11:17:08Z,obo:uo#unit_slim,
UO:0000284,count per nanomolar,unit.ontology,rate unit,A rate unit which is equal to one over one nanomolar.,,,1/nM|nM^-1,,,,,obo:uo#unit_slim,
UO:0000285,count per molar,unit.ontology,rate unit,A rate unit which is equal to one over one molar.,,,1/M|M^-1,,,,,obo:uo#unit_slim,
UO:0000286,yotta,unit.ontology,prefix,A prefix in the metric system denoting a factor of ten to the power of 24.,,,10^[24]|Y,,,gkoutos,2012-06-13T01:09:16Z,obo:uo#prefix_slim,
UO:0000287,hecto,unit.ontology,prefix,A prefix in the metric system denoting a factor of one hundred.,,,10^[2]|h,,,gkoutos,2012-06-13T01:30:59Z,obo:uo#prefix_slim,
UO:0000288,zetta,unit.ontology,prefix,A prefix in the metric system denoting a factor of ten to the power of 21.,,,10^[21]|Z,,,gkoutos,2012-06-13T01:32:19Z,obo:uo#prefix_slim,
UO:0000289,exa,unit.ontology,prefix,A prefix in the metric system denoting a factor of ten to the power of 18.,,,10^[18]|E,,,gkoutos,2012-06-13T01:33:26Z,obo:uo#prefix_slim,
UO:0000290,peta,unit.ontology,prefix,A prefix in the metric system denoting a factor of ten to the power of 15.,,,10^[15]|P,,,gkoutos,2012-06-13T01:34:04Z,obo:uo#prefix_slim,
UO:0000291,tera,unit.ontology,prefix,A prefix in the metric system denoting a factor of ten to the power of 12.,,,T,,10^[12],gkoutos,2012-06-13T01:34:51Z,obo:uo#prefix_slim,
UO:0000292,giga,unit.ontology,prefix,A prefix in the metric system denoting a factor of ten to the power of 9.,,,10^[9]|G,,,gkoutos,2012-06-13T01:35:28Z,obo:uo#prefix_slim,
UO:0000293,mega,unit.ontology,prefix,A prefix in the metric system denoting a factor of million.,,,10^[6]|M,,,gkoutos,2012-06-13T01:35:59Z,obo:uo#prefix_slim,
UO:0000294,kilo,unit.ontology,prefix,A prefix in the metric system denoting a factor of one thousand.,,,10^[3]|k,,,gkoutos,2012-06-13T01:36:58Z,obo:uo#prefix_slim,
UO:0000295,deca,unit.ontology,prefix,A prefix in the metric system denoting a factor of ten.,,,10^[1]|da,,,gkoutos,2012-06-13T01:38:11Z,obo:uo#unit_group_slim,
UO:0000296,deci,unit.ontology,prefix,A prefix in the metric system denoting a factor of one tenth.,,,10^[-1]|d,,,gkoutos,2012-06-13T01:43:00Z,obo:uo#prefix_slim,
UO:0000297,milli,unit.ontology,prefix,A prefix in the metric system denoting a factor of one thousand.,,,10^[-3]|m,,,gkoutos,2012-06-13T01:44:22Z,obo:uo#prefix_slim,
UO:0000298,centi,unit.ontology,prefix,A prefix in the metric system denoting a factor of one hundred.,,,10^[-2]|c,,,gkoutos,2012-06-13T01:45:30Z,obo:uo#prefix_slim,
UO:0000299,micro,unit.ontology,prefix,A prefix in the metric system denoting a factor of 10 to the power of -6.,,,10^[-6],,,gkoutos,2012-06-13T01:46:34Z,obo:uo#prefix_slim,
UO:0000300,nano,unit.ontology,prefix,A prefix in the metric system denoting a factor of 10 to the power of -9.,,,10^[-9]|n,,,gkoutos,2012-06-13T01:47:23Z,obo:uo#prefix_slim,
UO:0000301,microgram per liter,unit.ontology,mass density unit,A mass unit density which is equal to mass of an object in micrograms divided by the volume in liters.,,,microgram per litre|ug/L,,,george gkoutos,,obo:uo#unit_slim,
UO:0000302,pico,unit.ontology,prefix,A prefix in the metric system denoting a factor of 10 to the power of -12.,,,10^[-12]|n,,,gkoutos,2012-06-13T01:48:04Z,obo:uo#prefix_slim,
UO:0000303,femto,unit.ontology,prefix,A prefix in the metric system denoting a factor of 10 to the power of -15.,,,10^[-15]|f,,,gkoutos,2012-06-13T01:48:57Z,obo:uo#prefix_slim,
UO:0000304,atto,unit.ontology,prefix,A prefix in the metric system denoting a factor of 10 to the power of -18.,,,a,,10^[-18],gkoutos,2012-06-13T01:50:09Z,obo:uo#prefix_slim,
UO:0000305,zepto,unit.ontology,prefix,A prefix in the metric system denoting a factor of 10 to the power of -21.,,,z,,10^[-21],gkoutos,2012-06-13T01:50:50Z,obo:uo#prefix_slim,
UO:0000306,yocto,unit.ontology,prefix,A prefix in the metric system denoting a factor of 10 to the power of -24.,,,y,,10^[-24],gkoutos,2012-06-13T01:51:39Z,obo:uo#prefix_slim,
UO:0000307,dose unit,unit.ontology,concentration unit,"A concentration unit which is a standard measure of the amount of a toxic or pharmaceutical substance administered to a recipient subject, expressed in terms of the size of the subject.",,,,,,gkoutos,2012-08-24T04:49:51Z,obo:uo#unit_group_slim,
UO:0000308,milligram per kilogram,unit.ontology,dose unit,A dose unit which is equal to 1 milligram of a toxic or pharmaceutical substance per kilogram body weight of the recipient subject.,,,,,,gkoutos,2012-08-24T04:51:55Z,obo:uo#unit_slim,
UO:0000309,milligram per square meter,unit.ontology,dose unit,A dose unit which is equal to 1 milligram of a toxic or pharmaceutical substance per square meter of surface area of the recipient subject.,,,,,,gkoutos,2012-08-24T04:52:24Z,obo:uo#unit_slim,
UO:0000310,dosage unit,unit.ontology,concentration unit,"A concentration unit which is a standard measure of the amount of a toxic or pharmaceutical substance administered over time to a recipient subject, expressed in terms of the size of the subject.",,,,,,gkoutos,2012-08-24T04:52:42Z,obo:uo#unit_slim,
UO:0000311,milligram per kilogram per day,unit.ontology,dosage unit,A dosage unit which is equal to 1 milligram per day of a toxic or pharmaceutical substance per kilogram body weight of the recipient subject.,,,,,,gkoutos,2012-08-24T05:13:36Z,obo:uo#unit_slim,
UO:0000312,relative light unit,unit.ontology,light unit,"A derived unit which is a measure of relative light intensity, as typically measured by a luminometer, spectrophotometer, or fluorimeter in biological research applications.",,,,,,gkoutos,2012-08-24T05:14:17Z,obo:uo#unit_slim,
UO:0000313,relative luminescence unit,unit.ontology,relative light unit,A relative light unit which is a measure of relative luminescence intensity.,,,,,,gkoutos,2012-08-24T05:14:46Z,obo:uo#unit_slim,
UO:0000314,relative fluorescence unit,unit.ontology,relative light unit,A relative light unit which is a measure of relative fluorescence intensity.,,,,,,gkoutos,2012-08-24T05:15:13Z,obo:uo#unit_slim,
UO:0000315,turbidity unit,unit.ontology,unit,"A unit used to indicate the clarity of water or other solutions or suspensions, as measured by the ability of the solution or suspension to scatter light of a defined wavelength range.",,,,,,gkoutos,2013-03-12T12:20:13Z,,
UO:0000316,cells per microliter,unit.ontology,cell concentration unit,A unit of cell concentration which is equal to one cell in a volume of 1 microliter.,,,cells per microlitre|cells per ul,,,gkoutos,2013-03-12T12:34:17Z,,
UO:0000317,cells per well,unit.ontology,cell concentration unit,A unit of cell concentration which is equal to 1 cell in a well or discrete container of arbitrary volume.,,,,,,gkoutos,2013-03-12T12:46:20Z,,
UO:0000318,formazin nephelometric unit,unit.ontology,turbidity unit,1000 formazin turbidity units (FNU) on the empirical formazin turbidity scale represents reflectance of insol. reaction products of 0.0725 g hydrazine sulfate with 0.7250 g hexamethylenetetramine diluted to 1 L.,,,FNU,,,gkoutos,2013-03-12T12:48:46Z,,
UO:0000319,radioactivity concentration,unit.ontology,concentration unit,A concentration unit which is a standard measure of the amount of radioactivity in a given volume.,,,,,,gkoutos,2013-03-12T02:40:36Z,,
UO:0000320,curie per liter,unit.ontology,radioactivity concentration,A unit of radioactivity concentration which is equal to one curie in a volume of 1 liter.,,,curie per litre,,,gkoutos,2013-03-12T02:44:56Z,,
UO:0000321,microcurie per milliliter,unit.ontology,radioactivity concentration,A unit of radioactivity concentration which is equal to one micro curie in a volume of 1 liter.,,,microcurie per millilitre,,,gkoutos,2013-03-12T03:26:04Z,,
UO:0000322,fold dilution,unit.ontology,dimensionless unit,"A unit that is the ratio of concentration of two solutions of interest, typically with one solution derived from the other by the addition of solvent.",,,,,,gkoutos,2013-03-12T03:29:30Z,,
UO:0000323,ton per hectare,unit.ontology,area density unit,An area density unit which is equal to the mass of an object in tons divided by the surface area in hectares.,,,,,,gkoutos,2013-04-18T11:42:40Z,,
UO:0000324,square angstrom,unit.ontology,area unit,An area unit which is equal to an area enclosed by a square with sides each 1 angstrom long.,,,,,A^[2],gkoutos,2013-06-27T05:06:40Z,,
UO:0000325,megaHertz,unit.ontology,frequency unit,A frequency unit which is equal to one million hertz or 10^[6] V.,,,,,mH,gkoutos,2013-12-06T12:17:48Z,obo:uo#unit_slim,
UO:0000326,centiMorgan,unit.ontology,length unit,"A unit used to express distances on a genetic map. In genetic mapping, distances between markers are determined by measuring the rate of meoitic recombination between them, which increases proportionately with the distance separating them. A cM is defined as the length of an interval in which there is a 1% probability of recombination. On the average, 1 cM is roughly equivalent to 1 megabase (Mb) of DNA, although this can vary widely due to hot and cold spots of recombination.",,,cM,,,gkoutos,2013-12-06T12:25:17Z,obo:uo#unit_slim,
UO:0000327,centiRay,unit.ontology,length unit,"A unit of genetic map distance defined corresponding to an interval in which there is a 1% probability of X-irradiation induced breakage. To be completely specified, the unit must be qualified by the radiation in dosage in rads (e.g. cR8000), because this determines the actual breakage probability.",,,cR,,,gkoutos,2013-12-06T12:26:29Z,obo:uo#unit_slim,
UO:0000328,kilobasepair,unit.ontology,base pair,A unit equal to one thousand base pairs.,,,kbp,,,gkoutos,2013-12-11T09:39:31Z,,
UO:0000329,megabasepair,unit.ontology,base pair,A unit equal to one million base pairs,,,Mb,,,gkoutos,2013-12-11T09:44:29Z,obo:uo#unit_slim,
UO:0000330,gigabasepair,unit.ontology,base pair,A unit equal to one billion base pairs.,,,Gb,,,gkoutos,2013-12-11T09:44:52Z,obo:uo#unit_slim,
UO:0000331,gigabyte,unit.ontology,information unit,An information unit which is equal to 1000000000 bytes.,,,GB,,,gkoutos,2014-04-09T01:33:44Z,,
UO:0000332,terabyte,unit.ontology,information unit,An information unit which is equal to 1000 gigabytes.,,,TB,,,gkoutos,2014-04-09T01:35:23Z,,
UO:0010001,square micrometer,unit.ontology,area unit,An area unit which is equal to an area enclosed by a square with sides each 1 micrometer long.,,,,,square micrometre,Luke Slater,,obo:uo#unit_slim,
UO:0010002,millisiemens,unit.ontology,electrical conduction unit,An electrical conduction unit which is equal to one thousandth of a siemen or 10^[-3] siemens.,,,,,mS,Luke Slater,,obo:uo#unit_slim,
UO:0010003,micromole per litre,unit.ontology,unit of molality,A specific concentration unit which is equal to 1 micromole in a given volume of one thousandth of a cubic meter.,,,,,,Luke Slater,,obo:uo#unit_slim,
UO:0010004,micromole per kilogram,unit.ontology,unit of molality,A specific concentration unit which is equal to 1 micromole of a given substance per kilogram of solvent.,,,,,,Luke Slater,,obo:uo#unit_slim,
UO:0010005,millimeters per day,unit.ontology,speed/velocity unit,A speed/velocity unit which is equal to the speed of an object traveling 1 millimeter distance in one day.,,,mm/day,,,Luke Slater,,obo:uo#unit_slim,
UO:0010006,ratio,unit.ontology,ratio,"A dimensionless ratio unit which, given a pair of quantities a and b, for which b is a multiple of a, denotes b by giving the multiplier (coefficient) c for a to result in b.",,,,,,Luke Slater,,obo:uo#unit_group_slim,
UO:0010007,volt-second per square centimeter,quality,electrical conduction unit,An electrical mobility unit which is equal to one volt second per square centimeter.,,,Vs/cm^2|volt-second per square centimetre,,,Luke Slater,,,
UO:0010008,kilometer per hour,unit.ontology,speed/velocity unit,A speed/velocity unit which is equal to the speed of an object traveling 1 kilometer distance in one hour.,,,kilometre per hour|km/h,,,Luke Slater,,obo:uo#unit_slim,
UO:0010009,milli,unit.ontology,mass unit,A mass unit which is equal to 1/12 the mass of 12C,,,mDa|milli unified atomic mass unit|millidalton|mmu,,,Luke Slater,,obo:uo#unit_slim,
UO:0010010,hectare,unit.ontology,area unit,"An area unit which is equal to an area of 10,000 square meters. Equivalent to 2.471 acres.",,,HA,,,Luke Slater,,obo:uo#unit_slim,
UO:0010011,inch,unit.ontology,base unit|length unit,A length unit which is equal to 0.0254 metres.,,,in,,,Luke Slater,,obo:uo#unit_slim,
UO:0010012,thou,unit.ontology,base unit|length unit,A length unit which is equal to 0.0254 millimetres.,,,mil|th,,,Luke Slater,,obo:uo#unit_slim,
UO:0010013,foot,unit.ontology,base unit|length unit,"A length unit which is equal to 0.3048 metres, or 12 inches.",,,ft,,,Luke Slater,,obo:uo#unit_slim,
UO:0010014,yard,unit.ontology,base unit|length unit,"A length unit which is equal to 0.9144 metres, or 3 feet.",,,yd,,,Luke Slater,,obo:uo#unit_slim,
UO:0010015,chain,unit.ontology,base unit|length unit,"A length unit which is equal to 20.1168 metres, 66 feet, or 22 yards.",,,ch,,,Luke Slater,,obo:uo#unit_slim,
UO:0010016,furlong,unit.ontology,base unit|length unit,"A length unit which is equal to 20,116.8 metres, 660 feet, or 10 chains.",,,fur,,,Luke Slater,,obo:uo#unit_slim,
UO:0010017,mile,unit.ontology,base unit|length unit,"A length unit which is equal to 1,609.344 metres, or 8 furlongs.",,,mi,,,Luke Slater,,obo:uo#unit_slim,
UO:0010018,league,unit.ontology,base unit|length unit,"A length unit which is equal to 3 miles, or 4,828.032 metres",,,lea,,,Luke Slater,,obo:uo#unit_slim,
UO:0010019,maritime length unit,unit.ontology,length unit,A maritime length unit is one used primarily at sea.,,,,,,Luke Slater,,obo:uo#unit_slim,
UO:0010020,fathom,unit.ontology,maritime length unit,"A maritime length unit which is equal to 6.08 feet, or 1.853184 metres",,,ftm,,,Luke Slater,,obo:uo#unit_slim,
UO:0010021,cable,unit.ontology,maritime length unit,"A maritime length unit which is equal to 608 feet, 100 fathoms, or 185.3184 metres",,,,,,Luke Slater,,obo:uo#unit_slim,
UO:0010022,nautical mile,unit.ontology,maritime length unit,"A maritime length unit which is equal to 6,080 feet, 10 cables, or 1,853.184 metres",,,,,,Luke Slater,,obo:uo#unit_slim,
UO:0010023,perch,unit.ontology,area unit,"An area unit which is equal to an area of 25.292,852,64 square meters, or 1 square rod.",,,,,,Luke Slater,,obo:uo#unit_slim,
UO:0010024,rood,unit.ontology,area unit,"An area unit which is equivalent to 1 furlong x 1 rod. This is equal to an area of 1,011.714,1056 square meters, or 40 square rods.",,,,,,Luke Slater,,obo:uo#unit_slim,
UO:0010025,acre,unit.ontology,area unit,"An area unit which is equivalent to 1 furlong x 1 chain. This is equal to an area of 4,046.856,4224 square meters, or 43,500 square feet.",,,,,,Luke Slater,,obo:uo#unit_slim,
UO:0010026,fluid ounce,unit.ontology,volume unit,"An imperial volume unit which is equivalent to 28.413,0625 millilitres.",,,fl oz,,,Luke Slater,,obo:uo#unit_slim,
UO:0010027,gill,unit.ontology,volume unit,"An imperial volume unit which is equivalent to 142.065,3125 millilitres.",,,gi,,,Luke Slater,,obo:uo#unit_slim,
UO:0010028,pint,unit.ontology,volume unit,"An imperial volume unit which is equivalent to 568.261,25 millilitres.",,,pt,,,Luke Slater,,obo:uo#unit_slim,
UO:0010029,quart,unit.ontology,volume unit,"An imperial volume unit which is equivalent to 1,136.5225 millilitres, or two pints.",,,qt,,,Luke Slater,,obo:uo#unit_slim,
UO:0010030,gallon,unit.ontology,volume unit,"An imperial volume unit which is equivalent to 4,546.09 millilitres, or 8 pints.",,,gal,,,Luke Slater,,obo:uo#unit_slim,
UO:0010031,grain,unit.ontology,mass unit,"An imperial mass unit which is equivalent to 64.798,91 milligrams.",,,gr,,,Luke Slater,,obo:uo#unit_slim,
UO:0010032,drachm,unit.ontology,mass unit,"An imperial mass unit which is equivalent to 1.771,845,195,3125 grams, or 1/256 of 1 pound.",,,dr,,,Luke Slater,,obo:uo#unit_slim,
UO:0010033,ounce,unit.ontology,mass unit,"An imperial mass unit which is equivalent to 28.349,523,125 grams, or 1/16 of 1 pound.",,,oz,,,Luke Slater,,obo:uo#unit_slim,
UO:0010034,pound,unit.ontology,mass unit,"An imperial mass unit which is equivalent to 453.592,37 grams.",,,lb,,,Luke Slater,,obo:uo#unit_slim,
UO:0010035,stone,unit.ontology,mass unit,"An imperial mass unit which is equivalent to 6,350.293,18 grams, or 14 pounds.",,,st,,,Luke Slater,,obo:uo#unit_slim,
UO:0010036,quarter,unit.ontology,mass unit,"An imperial mass unit which is equivalent to 12.700,586,36 kilograms, or 28 pounds.",,,qr|qtr,,,Luke Slater,,obo:uo#unit_slim,
UO:0010037,hundredweight,unit.ontology,mass unit,"An imperial mass unit which is equivalent to 50.802,345,44 kilograms, 112 pounds, or 8 stone.",,,cwt,,,Luke Slater,,obo:uo#unit_slim,
UO:0010038,ton,unit.ontology,mass unit,"An imperial mass unit which is equivalent to 1,016.046,9088 kilograms, or 2,240 pounds.",,,t,,,Luke Slater,,obo:uo#unit_slim,
UO:0010039,slug,unit.ontology,energy unit,An imperial gravitational unit which is equivalent to a mass that accelerates by 1ft/sÂ² when a force of one pound (lbf) is exerted on it.,,,,,,Luke Slater,,obo:uo#unit_slim,
UO:0010040,teaspoon,quality,volume unit,A metric teaspoon is a unit of measurement of volume widely used in cooking recipes and pharmaceutic prescriptions. It equals a 5mL volume.,,,metric teaspoon|tsp,,,Luke Slater,,obo:uo#unit_slim,
UO:0010041,united states customary teaspoon,quality,volume unit,A United States customary units teaspoon is a unit of measurement of volume widely used in cooking recipes and pharmaceutic prescriptions in America. It equals a 4.93 mL volume.,,,us customary teaspoon,,,Luke Slater,,,
UO:0010042,tablespoon,quality,volume unit,A metric tablespoon is a unit of measurement of volume widely used in cooking recipes and pharmaceutic prescriptions. It equals a 15mL volume.,,,metric tablespoon|tbsp,,,Luke Slater,,,
UO:0010043,australian metric tablespoon,quality,volume unit,An Australian metric tablespoon is a unit of measurement of volume used in Australia for cooking recipes and pharmaceutic prescriptions. It equals a 20mL volume.,,,,,,,,,
UO:0010044,united states customary tablespoon,quality,volume unit,A United States customary units tablespoon is a unit of measurement of volume widely used in cooking recipes and pharmaceutic prescriptions in America. It equals a 14.79 mL volume.,,,us customary tablespoon,,,,,,
UO:0010045,metric cup,quality,volume unit,A metric cup is a unit of measurement of volume widely used in cooking recipes and pharmaceutic prescriptions. It equals a 250mL volume.,,,C,,,,,,
UO:0010046,united states customary cup,quality,volume unit,A United States customary units cup is a unit of measurement of volume widely used in cooking recipes and pharmaceutic prescriptions in America. It equals a 236.59 mL volume.,,,us customary cup,,,,,,
UO:0010047,united states fda cup,quality,volume unit,A United States FDA cup is a unit of measurement of volume used by the US Federal Department of Agriculture as a nutritional serving measure. It equals a 240 mL volume.,,,us fda cup,,,,,,
UO:0010048,micromole,unit.ontology,substance unit,A substance unit which is equal to one millionth of a mole.,,,mmol,,,Luke Slater,,obo:uo#unit_slim,
UO:0010049,gram per square meter,unit.ontology,area density unit,An area density unit which is equal to the mass of an object in grams divided by the surface area in meters squared.,,,g/m^[2]|gram per square metre,,,Luke Slater,,obo:uo#unit_slim,
UO:0010050,nanogram per microliter,unit.ontology,mass density unit,A mass unit density which is equal to mass of an object in nanograms divided by the volume in microliters.,,,nanogram per microlitre|ng/ul,,,Luke Slater,2020-10-24T17:54:12Z,obo:uo#unit_slim,
UO:0010051,large calorie,unit.ontology,energy unit,"A unit of energy widely used in nutrition, equivalent to the amount of heat needed to cause one kilogram of water to rise in temperature by one degree Celsius.",,,big calorie|cal|calorie|food calorie|kcal|kilocalorie,,,Luke Slater,2020-10-24T18:01:12Z,obo:uo#unit_slim,
UO:0010052,pounds per square inch,unit.ontology,pressure unit,A pressure unit which is equal to 6894.757 pascal.,,,lbf/in^[2]|psi,,,Luke Slater,,,
UO:0010053,micrograms per wheaton bottle,unit.ontology,mass density unit,A unit of mass concentration defined as the number of micrograms of a substance per 250 ml Wheaton bottle.,,,,,micrograms per bottle,Luke Slater,2020-10-24T18:09:12Z,obo:uo#unit_slim,
UO:0010054,picoampere,unit.ontology,electric current unit,An electric current unit current which is equal to one trillionth of an ampere or 10^[-12] A.,,,pA,,,,,obo:uo#unit_slim,
